1,minima officiis ducimus reiciendis sed
2,nihil sint sit qui modi
3,est eum pariatur laboriosam veritatis
4,dolorem autem eos blanditiis quibusdam
5,ut dolorem iusto quia accusantium
6,aliquam hic illum cum maxime
7,harum praesentium excepturi sit dignissimos
8,saepe maiores voluptates voluptatibus nisi
9,tempora perferendis vel ex pariatur
10,fuga molestiae eveniet fuga aut
11,non veritatis excepturi eum dicta
12,velit enim id quaerat consectetur
13,voluptates sed quidem consectetur culpa
14,enim placeat autem neque omnis
15,enim dolorem et natus totam
16,nam quasi iste sint minus
17,odio soluta et voluptatibus qui
18,qui aut quibusdam placeat rerum
19,omnis enim odit eaque omnis
20,ut minima consequatur in officiis
21,et et id odio eum
22,soluta magnam nihil sunt qui
23,et amet quam reiciendis molestiae
24,totam assumenda asperiores voluptatem totam
25,quibusdam aliquid voluptates quidem nihil
26,deleniti ratione rem doloremque cum
27,rem architecto rerum nihil explicabo
28,rerum dolorum rem cumque sed
29,tempora eum voluptatum ipsa qui
30,soluta commodi consequatur quas voluptates
31,quisquam iusto dolores alias dolor
32,voluptate voluptatibus nostrum consectetur nostrum
33,eum temporibus illo ipsa dolorem
34,commodi itaque distinctio maxime est
35,possimus exercitationem sit debitis voluptas
36,dolorem ut tempore aut quibusdam
37,nostrum mollitia qui veritatis deleniti
38,eum quia dolor veniam laborum
39,quia temporibus ea nemo optio
40,quis quibusdam mollitia ipsam sunt
41,ut at optio minus fugit
42,deserunt sit quia accusantium explicabo
43,vero eum non vel et
44,facilis omnis voluptatem dicta voluptatem
45,id consequuntur non ut voluptas
46,accusamus maxime maxime officia est
47,laborum aut dolorum ut vitae
48,rerum quia inventore fugiat accusantium
49,quod aut harum eos tenetur
50,unde aut tenetur rerum reprehenderit
51,quas possimus voluptas doloremque voluptatem
52,laboriosam veniam sed vero non
53,numquam ipsam ea nam repellat
54,nihil nemo molestiae ducimus et
55,recusandae quod exercitationem accusantium similique
56,nam blanditiis nihil velit omnis
57,est est id est perferendis
58,sequi ipsum qui ullam qui
59,quam et laborum quibusdam distinctio
60,dignissimos molestiae qui corrupti vitae
61,qui ut voluptatibus recusandae consequuntur
62,aperiam hic porro vitae voluptate
63,excepturi cumque est harum quas
64,temporibus ut incidunt aliquam qui
65,dignissimos illo vel culpa dignissimos
66,quo cumque facilis incidunt nostrum
67,deleniti non ipsa quibusdam qui
68,veniam repudiandae nihil vero eos
69,ipsum vitae deserunt optio saepe
70,maxime error ut hic non
71,temporibus fuga velit commodi rerum
72,neque dolorem id vel beatae
73,neque vel omnis sed sit
74,magnam sunt reiciendis doloremque reprehenderit
75,expedita eum voluptatem qui aut
76,repellendus porro et impedit eaque
77,at qui dolor nulla impedit
78,repudiandae consequuntur fuga autem facere
79,rerum eveniet aut architecto debitis
80,placeat quo nam illo mollitia
81,id itaque omnis animi enim
82,distinctio natus vel ad sit
83,quia sapiente nemo ex sunt
84,sunt qui omnis quisquam voluptates
85,atque architecto in quo sint
86,est quam numquam dicta fuga
87,et ut eos illo repellendus
88,ut voluptas doloremque nostrum aut
89,ea vel delectus aut incidunt
90,maxime facere harum voluptas placeat
91,est aut qui dignissimos doloribus
92,nobis odio consequatur voluptatem quod
93,quo modi voluptatum iure et
94,repellendus aut quia cumque aliquam
95,nulla tenetur dolorem quasi consectetur
96,a dolorum quia eos nobis
97,esse neque enim quos cupiditate
98,minus tempora consequatur placeat qui
99,sed velit in numquam id
100,fugiat voluptas libero sed dolor
101,laboriosam vel vero ut voluptatem
102,voluptatum error aut cupiditate quis
103,officiis cum numquam quaerat asperiores
104,laudantium accusamus quisquam velit neque
105,ad eligendi aut aut nemo
106,tenetur dolor rerum amet et
107,fuga aspernatur accusamus voluptatem sed
108,tempore et sint sunt sit
109,suscipit dolores nesciunt tenetur amet
110,amet consequatur expedita placeat consequatur
111,iure animi voluptatem mollitia perferendis
112,iure ut nesciunt quis laboriosam
113,dignissimos doloremque voluptate perferendis quaerat
114,blanditiis reprehenderit aut omnis in
115,sit nulla et consequatur aut
116,qui sequi ut voluptas et
117,eum ut eos iure iste
118,dolorum consequuntur minus id impedit
119,magni excepturi iste quo voluptatem
120,a ducimus ea voluptas illo
121,adipisci voluptatem dolore minus ut
122,sit ea et iusto omnis
123,et ea aut labore repellat
124,delectus quibusdam nihil quam atque
125,ab quas neque sint qui
126,et explicabo fugit nisi nesciunt
127,quis dolorem tenetur perferendis neque
128,laudantium placeat voluptatem sed ad
129,repudiandae sit quibusdam in et
130,officiis molestias et voluptatum unde
131,ut qui id ipsam aut
132,est quia dolores et vel
133,quisquam sed at ipsam laboriosam
134,quis debitis ipsum sequi debitis
135,ratione blanditiis eligendi at dolore
136,molestiae id fugiat minima optio
137,impedit ab eveniet illum ea
138,a veniam magni nesciunt veniam
139,sed dolor illo et ducimus
140,aperiam neque ea rerum aliquid
141,autem omnis recusandae illo sed
142,aut dolorem aut beatae aut
143,eaque officiis totam expedita quia
144,perferendis vitae et vel maiores
145,quia sit iure eveniet rerum
146,maiores et laudantium dolores totam
147,pariatur quia nobis aut necessitatibus
148,blanditiis sit libero omnis ipsum
149,vero aliquam quia exercitationem accusamus
150,dolores minus provident et quia
151,iure cumque dolor vero neque
152,molestiae minus mollitia eligendi neque
153,repellendus qui quas alias dignissimos
154,accusamus vero ducimus quia laboriosam
155,doloremque voluptatem laboriosam voluptatem reprehenderit
156,eligendi occaecati voluptatem aliquid ex
157,iusto qui commodi optio debitis
158,nobis voluptas placeat optio nemo
159,enim voluptatem consequatur quo est
160,voluptates et voluptatem ut dicta
161,fugiat provident ut consequatur tenetur
162,molestiae nostrum alias velit dolorum
163,corrupti in id dolorem fugit
164,omnis nemo facilis vero magnam
165,velit sapiente necessitatibus placeat quis
166,dolorem voluptatum doloribus sit occaecati
167,enim alias earum non facilis
168,et et pariatur incidunt alias
169,quas id perspiciatis quas quod
170,quo nesciunt earum quasi repudiandae
171,nam quos sit sapiente autem
172,amet in perferendis at aliquid
173,enim non provident pariatur distinctio
174,perferendis quos est quaerat nam
175,recusandae debitis qui corporis in
176,sint voluptate inventore quae et
177,autem vel consectetur accusamus et
178,rerum nobis modi accusantium unde
179,necessitatibus nihil nisi accusantium eum
180,magnam dicta et tempore qui
181,voluptatem atque ad magnam necessitatibus
182,rerum facere aspernatur dolor qui
183,nesciunt reprehenderit dolore ut sit
184,nihil blanditiis commodi alias sunt
185,sequi sit exercitationem minus et
186,distinctio optio voluptatem dicta saepe
187,sint sed quia tenetur ea
188,maxime vitae quas eum ab
189,molestiae nemo accusantium et rem
190,magnam ad quidem quasi sit
191,dolorum aliquid id vero reprehenderit
192,nihil minima quam sequi esse
193,ab cum vel et officiis
194,omnis excepturi corrupti ipsa voluptates
195,et error laudantium minus quam
196,dolorem sit ab adipisci culpa
197,quo eos nostrum fugiat natus
198,sit id sunt accusamus voluptate
199,sunt aut voluptatibus laboriosam debitis
200,et quo voluptatem omnis eveniet
201,ut sed neque perspiciatis tenetur
202,est accusamus error rerum necessitatibus
203,repellendus soluta facilis deserunt ut
204,qui nesciunt et debitis dolores
205,a nulla quisquam consequuntur id
206,odit porro ex dolorem cupiditate
207,voluptatem nesciunt voluptatibus reprehenderit qui
208,accusamus ut nihil voluptatem quidem
209,omnis perspiciatis saepe autem ut
210,esse doloremque et perferendis magni
211,libero soluta iusto cumque dignissimos
212,beatae aut velit atque nostrum
213,rerum maxime at temporibus reprehenderit
214,aut ratione officiis neque repellendus
215,laudantium at sapiente consequatur aut
216,officia quisquam corporis occaecati qui
217,voluptatem deserunt earum maiores quia
218,facere ut enim temporibus officiis
219,commodi magnam nihil aut rem
220,accusamus perferendis cumque qui voluptas
221,delectus eum quia facere tempora
222,iure tempora consectetur minus odio
223,nostrum earum perspiciatis corporis illo
224,consectetur quos nesciunt cum consequatur
225,nulla quas molestias praesentium aut
226,neque optio ea rerum excepturi
227,dolor est aperiam aut quas
228,nobis voluptas officia rerum non
229,neque sint omnis qui nobis
230,deserunt dolorem vel tempora et
231,non et quia perferendis ut
232,qui libero perspiciatis harum omnis
233,deserunt libero odit delectus quaerat
234,et omnis ut est consectetur
235,et voluptatem vel quia et
236,enim minima expedita hic aut
237,ullam explicabo quia rerum reprehenderit
238,quidem qui voluptatem nobis asperiores
239,ea corrupti ratione praesentium numquam
240,velit facilis soluta sequi quam
241,laborum sed ipsum voluptas est
242,enim quae expedita veritatis alias
243,et consequuntur rerum rerum ratione
244,illo quibusdam asperiores corrupti eum
245,veritatis qui architecto ut rerum
246,sed eum repellendus aliquam consectetur
247,assumenda eum in ab et
248,eos alias nostrum quasi est
249,debitis et fugiat fugit non
250,incidunt recusandae ad vel quibusdam
251,accusamus officia modi quisquam rerum
252,pariatur ipsum nihil minus nostrum
253,consequatur culpa consequatur consequatur nostrum
254,ut vitae autem unde qui
255,voluptatum exercitationem voluptatem est sed
256,repudiandae ab repellat doloremque sed
257,mollitia facere impedit aspernatur aliquid
258,voluptatibus officiis voluptas voluptatem nulla
259,in ullam similique est et
260,et atque quia at molestias
261,pariatur laboriosam expedita eum voluptas
262,omnis minus quibusdam odit aut
263,modi quis quia aut unde
264,reiciendis quis tenetur aperiam provident
265,repellat et placeat earum nihil
266,deleniti qui consequatur ipsam quam
267,iste dolorum ipsum culpa soluta
268,voluptas ea amet eum aspernatur
269,aliquam qui est veritatis qui
270,repellendus ratione aperiam sit voluptas
271,architecto eius et omnis sequi
272,et et blanditiis ullam explicabo
273,dolor at ad quaerat velit
274,accusamus consectetur aperiam amet enim
275,optio facere aut quos minima
276,non impedit consequatur impedit deleniti
277,nesciunt fugit omnis ut vitae
278,sit in eos dolor minima
279,maxime perspiciatis consequatur labore deleniti
280,ab est aut nihil eum
281,natus maiores temporibus dolorum accusantium
282,omnis est doloribus enim illo
283,dolor quisquam est deleniti illo
284,occaecati sit odio eaque rerum
285,ex hic suscipit minima dolor
286,aliquam et ut omnis cum
287,voluptatem unde velit amet blanditiis
288,nesciunt vel est nobis ut
289,veritatis qui exercitationem et sed
290,accusamus libero recusandae excepturi minima
291,consequuntur aspernatur rerum magnam est
292,nihil voluptas praesentium reiciendis recusandae
293,voluptatem molestias enim sed quaerat
294,voluptate rerum et impedit eum
295,reprehenderit amet eos ducimus consectetur
296,delectus reiciendis sunt qui totam
297,culpa pariatur ipsum eaque laboriosam
298,deleniti et voluptatem id minima
299,vel et nihil libero pariatur
300,voluptas et id nihil illo
301,magni omnis beatae earum vel
302,minus eos cupiditate deleniti alias
303,ad enim possimus est voluptas
304,et amet incidunt iusto sit
305,tempora dolores sed id itaque
306,numquam sequi sapiente tempora voluptatem
307,quidem commodi est reprehenderit saepe
308,voluptate atque fugit deserunt ipsa
309,rerum velit omnis doloremque porro
310,itaque alias iure molestiae labore
311,voluptas expedita accusantium earum vel
312,earum fugiat qui quod maiores
313,nobis alias recusandae quia omnis
314,adipisci rerum occaecati eveniet odit
315,eum aut quia rerum temporibus
316,ipsum adipisci illum vel exercitationem
317,in quasi et eum unde
318,qui omnis fugit ut laboriosam
319,et sit non modi quo
320,neque excepturi possimus est modi
321,nihil at nobis et modi
322,et similique quia distinctio natus
323,ut non libero similique quasi
324,iste eum enim omnis accusamus
325,commodi laborum sit nisi omnis
326,et libero et quis itaque
327,commodi mollitia accusamus sed sit
328,vel quas sit aspernatur optio
329,doloremque suscipit adipisci deleniti explicabo
330,saepe molestiae ad iste dicta
331,expedita placeat non omnis et
332,qui quod nam quae temporibus
333,sit et officia et voluptatem
334,saepe ut recusandae repellat quidem
335,dolorem possimus saepe vitae sed
336,recusandae sed veritatis dicta ut
337,ipsam animi error rerum nobis
338,esse dolore fuga sed tempore
339,ex laborum recusandae ex id
340,ab laboriosam quis aut temporibus
341,delectus accusantium nam ut est
342,consequatur nihil ut nostrum expedita
343,odit possimus neque aliquam doloribus
344,id hic saepe pariatur voluptatem
345,voluptas distinctio laborum sequi magni
346,quis aliquam nobis eius culpa
347,quia aut quasi earum nam
348,dignissimos tenetur in sequi sunt
349,ratione aut temporibus error aut
350,possimus rem velit voluptatem eaque
351,aut ut aut consequatur maxime
352,quod officiis ipsam voluptates nulla
353,omnis dignissimos cumque dolor unde
354,ratione aperiam animi vel veniam
355,ducimus id ducimus ut dignissimos
356,assumenda nemo eaque in ipsa
357,voluptatibus iste quos eos occaecati
358,illo sit quasi placeat rerum
359,aspernatur voluptates ad nemo fugiat
360,vitae fuga hic adipisci tenetur
361,est adipisci earum nobis veniam
362,omnis nihil et harum tenetur
363,eum omnis voluptas nesciunt voluptas
364,ipsam asperiores quia corrupti doloremque
365,aliquam id molestiae sed iste
366,dolore amet odit ea minus
367,rerum perferendis saepe ullam non
368,modi vel quasi corporis dolor
369,soluta recusandae qui nihil velit
370,officiis molestiae harum et est
371,minima distinctio quisquam fugit aut
372,aperiam quos modi beatae aut
373,magnam esse pariatur ea necessitatibus
374,amet distinctio sed similique possimus
375,similique ex voluptas vel reiciendis
376,at magni accusantium numquam adipisci
377,eum et quo blanditiis beatae
378,dignissimos dicta doloribus sequi quaerat
379,tempore beatae nemo facilis vel
380,repudiandae reprehenderit et doloremque consequatur
381,veniam hic eaque rerum ut
382,modi consequatur beatae quos facere
383,quam exercitationem laudantium doloribus consequatur
384,sit quam eos delectus eligendi
385,voluptatibus necessitatibus magni dolores vero
386,blanditiis voluptate eum ut corporis
387,suscipit delectus atque nulla repellat
388,ad quod quia aut illo
389,ad aperiam vero aspernatur et
390,dolore ut cupiditate voluptate voluptate
391,at aut qui accusamus tempora
392,deserunt totam impedit sequi sit
393,hic velit et reprehenderit consequatur
394,quaerat accusamus dolorum amet quisquam
395,ea asperiores eum nihil consequatur
396,est culpa aut velit quaerat
397,at error blanditiis impedit et
398,error iusto et aliquam et
399,error reprehenderit mollitia voluptas repellat
400,aut officiis dolor sed occaecati
401,quia sit asperiores modi odio
402,occaecati non sed et quam
403,earum iusto et quia ex
404,nisi doloremque qui porro expedita
405,labore autem quisquam soluta ea
406,voluptatem aperiam quibusdam voluptas quia
407,dolor possimus totam at amet
408,debitis laboriosam iste aperiam maiores
409,nulla reprehenderit est quos ut
410,qui enim est ea sint
411,culpa perferendis pariatur enim id
412,totam voluptatem saepe ut assumenda
413,sit sunt aut qui ullam
414,voluptatum dolorem ullam explicabo rerum
415,excepturi at laborum quas sit
416,molestias exercitationem non atque reiciendis
417,sint qui alias eos non
418,laudantium at exercitationem tempore ut
419,quis ut modi dolor aut
420,laudantium nihil error voluptas vitae
421,repudiandae quis tempora non ut
422,deleniti et minus perspiciatis et
423,ipsam natus pariatur qui ipsum
424,animi omnis minima nihil ratione
425,sit quo beatae blanditiis recusandae
426,nihil nihil qui pariatur esse
427,at eos adipisci perspiciatis cumque
428,exercitationem aut incidunt consectetur impedit
429,consequatur ducimus voluptatem fuga quam
430,perferendis dolores ullam aliquid beatae
431,incidunt et repellendus qui temporibus
432,quia inventore aut nemo aut
433,quasi dolor ullam saepe quia
434,eum velit dolorum quidem quae
435,asperiores ut laboriosam atque reprehenderit
436,aut mollitia nostrum quas debitis
437,id nisi saepe et voluptatum
438,ut tenetur repellendus necessitatibus provident
439,laudantium ipsam et id eaque
440,fugit accusamus illo qui iusto
441,dolore mollitia facere dolorem repellat
442,maxime sed molestiae qui aspernatur
443,error suscipit occaecati est ipsa
444,et nam quaerat eos similique
445,necessitatibus nihil quaerat inventore dolorum
446,enim dolorum autem expedita perferendis
447,ab non eaque voluptate ullam
448,aut consequuntur sunt modi neque
449,natus aliquam et sint iusto
450,distinctio soluta sit est repellendus
451,ea ut omnis itaque et
452,quibusdam aut id doloribus aut
453,omnis qui ipsam dolor nemo
454,beatae non ullam nostrum consequatur
455,nisi dolorem aut et modi
456,voluptate aut mollitia autem praesentium
457,atque unde ipsa ut omnis
458,non eum quibusdam odit tempora
459,sed cumque neque aut pariatur
460,quas recusandae libero consequatur enim
461,quia voluptatem odio voluptas enim
462,facere beatae iusto et et
463,ab repellat est qui a
464,et omnis eaque sunt dolorem
465,sed est voluptas tempore debitis
466,optio iusto asperiores doloribus et
467,ut quos minima et qui
468,magni dolore ipsum dolorem expedita
469,accusamus natus eos fugit aut
470,distinctio reprehenderit repellat sunt ad
471,nihil molestias aliquam odit sapiente
472,qui deserunt quam repudiandae et
473,eos possimus voluptas reiciendis magnam
474,id sit ab harum reprehenderit
475,consequatur eveniet velit provident et
476,quis sit voluptatem dolor quia
477,animi autem aut nemo id
478,est possimus eveniet quasi in
479,est natus magni suscipit illo
480,voluptatem eos blanditiis hic aut
481,possimus dignissimos ipsa quaerat et
482,eum quia laudantium molestias unde
483,delectus optio totam expedita est
484,voluptatum voluptas nam ipsa et
485,labore natus omnis rerum itaque
486,dignissimos vero reiciendis nobis animi
487,fuga quis omnis earum facilis
488,sequi assumenda non saepe et
489,sunt odio unde voluptates et
490,quas placeat a voluptatem ea
491,libero magnam laborum incidunt et
492,deserunt totam sit quia a
493,possimus iusto sunt ipsam velit
494,ratione earum ullam saepe velit
495,aut et accusamus ea porro
496,similique consequatur sequi velit asperiores
497,excepturi expedita adipisci et non
498,asperiores eaque molestiae fugiat non
499,eos atque vero et similique
500,voluptatem fugiat enim nulla nihil
